datum,fullDepo,balance,equity,hozamManual,hozamRobot
2018.10.17 11:07,1056.36,1056.36,1056.36,0.00,0.00
2018.10.19 22:00,1056.36,1056.34,1056.34,0.00,-0.02
2018.10.19 22:00,1056.36,1056.26,1056.26,0.00,-0.10
2018.10.23 02:49,1056.37,1056.27,1056.27,0.00,-0.10
2018.10.23 04:28,1056.40,1056.30,1056.30,0.00,-0.10
2018.10.23 12:18,1056.40,1039.41,1039.41,-16.89,-0.10
2018.10.23 12:18,1056.40,1026.21,1026.21,-30.09,-0.10
2018.10.23 12:18,1056.40,1013.39,1013.39,-42.91,-0.10
2018.10.23 16:04,1056.40,1007.99,1007.99,-48.31,-0.10
2018.10.23 17:05,1056.40,1015.10,1015.10,-48.31,7.01
2018.10.23 18:19,1056.40,1017.05,1017.05,-48.31,8.96
2018.10.24 09:32,1056.40,1014.05,1014.05,-48.31,5.96
2018.10.24 16:36,1056.40,1014.08,1014.08,-48.28,5.96
2018.10.24 18:08,1056.40,1007.28,1007.28,-55.08,5.96
2018.10.24 20:08,1056.40,1014.52,1014.52,-55.08,13.20
2018.10.24 21:27,1056.40,1012.78,1012.78,-55.08,11.46
2018.10.24 21:27,1056.40,1010.99,1010.99,-55.08,9.67
2018.10.24 22:35,1056.40,1018.03,1018.03,-55.08,16.71
2018.10.24 23:01,1056.40,1028.63,1028.63,-55.08,27.31
2018.10.24 23:01,1056.40,1051.19,1051.19,-55.08,49.87
2018.10.25 01:53,1056.40,1051.78,1051.78,-55.08,50.46
2018.10.25 03:00,1056.40,1052.52,1052.52,-55.08,51.20
2018.10.25 10:37,1056.40,1050.88,1050.88,-55.08,49.56
2018.10.25 19:17,1056.40,1044.02,1044.02,-55.08,42.70
2018.10.25 22:44,1056.40,1040.96,1040.96,-55.08,39.64
2018.10.26 14:03,1056.40,1039.71,1039.71,-55.08,38.39
2018.10.26 14:03,1056.40,1038.43,1038.43,-55.08,37.11
2018.10.26 18:01,1056.40,1036.43,1036.43,-55.08,35.11
2018.10.26 18:01,1056.40,1034.40,1034.40,-55.08,33.08
2018.10.26 20:33,1056.40,1031.16,1031.16,-55.08,29.84
2018.10.26 21:04,1056.40,1027.83,1027.83,-55.08,26.51
2018.10.29 16:32,1056.40,1031.68,1031.68,-55.08,30.36
2018.10.29 16:48,1056.40,1028.00,1028.00,-55.08,26.68
2018.10.29 19:02,1056.40,1029.26,1029.26,-55.08,27.94
2018.10.29 19:02,1056.40,1030.37,1030.37,-55.08,29.05
2018.10.29 21:15,1056.40,1037.84,1037.84,-55.08,36.52
2018.10.30 02:24,1056.40,1037.73,1037.73,-55.08,36.41
2018.10.30 02:45,1056.40,1031.53,1031.53,-55.08,30.21
2018.10.30 03:16,1056.33,1031.46,1031.46,-55.08,30.21
2018.10.30 04:19,1056.24,1031.37,1031.37,-55.08,30.21
2018.10.31 04:35,1056.24,1030.06,1030.06,-55.08,28.90
2018.10.31 11:42,1056.24,1032.35,1032.35,-55.08,31.19
2018.10.31 11:42,1056.24,1038.75,1038.75,-55.08,37.59
2018.10.31 15:13,1056.24,1039.38,1039.38,-55.08,38.22
2018.10.31 17:04,1056.24,1032.73,1032.73,-55.08,31.57
2018.10.31 17:44,1056.24,1021.65,1021.65,-66.16,31.57
2018.10.31 19:36,1056.24,1025.85,1025.85,-61.96,31.57
2018.10.31 21:22,1056.24,1023.26,1023.26,-64.55,31.57
2018.10.31 21:22,1056.24,1020.70,1020.70,-67.11,31.57
2018.10.31 21:34,1056.24,1015.08,1015.08,-72.73,31.57
2018.11.02 09:54,1056.24,1013.22,1013.22,-72.73,29.71
2018.11.02 10:57,1056.24,1013.39,1013.39,-72.73,29.88
2018.11.07 14:59,1056.24,1010.66,1010.66,-72.73,27.15
2018.11.07 20:47,1056.24,1008.93,1008.93,-72.73,25.42
2018.11.07 20:47,1056.24,1007.22,1007.22,-72.73,23.71
2018.11.07 20:53,1056.24,1007.19,1007.19,-72.73,23.68
2018.11.07 20:53,1056.24,1007.18,1007.18,-72.73,23.67
2018.11.08 11:40,1056.24,1003.91,1003.91,-72.73,20.40
2018.11.12 18:14,1056.24,1011.09,1011.09,-72.73,27.58
2018.11.12 19:09,1056.24,1014.16,1014.16,-72.73,30.65
2018.11.14 16:53,1742.21,1700.13,1700.13,-72.73,30.65
2018.11.14 18:21,1742.21,1693.06,1693.06,-79.80,30.65
2018.11.14 20:01,1742.21,1689.38,1689.38,-79.80,26.97
2018.11.14 20:01,1742.21,1685.65,1685.65,-79.80,23.24
2018.11.14 21:15,1742.21,1683.55,1683.55,-79.80,21.14
2018.11.14 21:15,1742.21,1681.49,1681.49,-79.80,19.08
2018.11.15 17:02,1742.21,1679.77,1679.77,-79.80,17.36
2018.11.15 17:02,1742.21,1678.05,1678.05,-79.80,15.64
2018.11.19 20:20,1742.21,1679.22,1679.22,-79.80,16.81
2018.11.20 16:39,1742.21,1679.93,1679.93,-79.80,17.52
2018.11.20 16:39,1742.21,1680.59,1680.59,-79.80,18.18
2018.11.27 18:04,1742.21,1680.67,1680.67,-79.72,18.18
2018.11.28 18:46,1742.21,1681.15,1681.15,-79.24,18.18
2018.11.29 01:00,1742.21,1681.21,1681.21,-79.24,18.24
2018.11.29 01:00,1742.21,1684.52,1684.52,-79.24,21.55
2018.11.29 07:03,1742.54,1684.85,1684.85,-79.24,21.55
2018.11.29 07:12,1742.87,1685.18,1685.18,-79.24,21.55
2018.11.29 22:17,1742.87,1681.64,1681.64,-79.24,18.01
2018.11.29 22:17,1742.87,1678.10,1678.10,-79.24,14.47
2018.11.30 19:34,1742.87,1676.37,1676.37,-79.24,12.74
2018.11.30 19:34,1742.87,1674.62,1674.62,-79.24,10.99
2018.11.30 22:17,1742.87,1671.59,1671.59,-82.27,10.99
2018.12.03 01:00,1742.87,1684.64,1684.64,-82.27,24.04
2018.12.03 13:31,1742.87,1689.22,1689.22,-77.69,24.04
2018.12.03 13:47,1742.87,1707.16,1707.16,-77.69,41.98
2018.12.04 04:06,1742.90,1707.19,1707.19,-77.69,41.98
2018.12.04 05:12,1742.92,1707.21,1707.21,-77.69,41.98
2018.12.04 05:27,1742.94,1707.23,1707.23,-77.69,41.98
2018.12.04 19:05,1742.94,1708.38,1708.38,-76.54,41.98
2018.12.04 19:05,1742.94,1709.05,1709.05,-75.87,41.98
2018.12.04 19:05,1742.94,1709.68,1709.68,-75.24,41.98
2018.12.04 19:05,1742.94,1707.08,1707.08,-77.84,41.98
2018.12.05 14:27,1742.94,1709.18,1709.18,-75.74,41.98
2018.12.05 18:42,1742.94,1710.08,1710.08,-74.84,41.98
2018.12.06 11:03,1742.94,1699.98,1699.98,-84.94,41.98
2018.12.06 12:12,1742.94,1710.17,1710.17,-74.75,41.98
2018.12.06 13:15,1742.94,1708.87,1708.87,-76.05,41.98
2018.12.06 15:37,1742.94,1706.63,1706.63,-78.29,41.98
2018.12.06 15:37,1742.94,1705.39,1705.39,-79.53,41.98
2018.12.06 16:36,1742.94,1705.84,1705.84,-79.08,41.98
2018.12.06 17:19,1742.94,1706.15,1706.15,-78.77,41.98
2018.12.06 18:11,1742.94,1705.18,1705.18,-79.74,41.98
2018.12.06 18:11,1742.94,1699.18,1699.18,-85.74,41.98
2018.12.06 18:11,1742.94,1696.08,1696.08,-88.84,41.98
2018.12.06 22:06,1742.94,1696.13,1696.13,-88.79,41.98
2018.12.07 04:24,1742.98,1696.17,1696.17,-88.79,41.98
2018.12.07 04:27,1743.06,1696.25,1696.25,-88.79,41.98
2018.12.07 04:51,1743.10,1696.29,1696.29,-88.79,41.98
2018.12.07 05:45,1743.10,1700.13,1700.13,-84.95,41.98
2018.12.07 06:04,1743.10,1699.27,1699.27,-85.81,41.98
2018.12.07 06:04,1743.10,1701.27,1701.27,-83.81,41.98
2018.12.07 06:04,1743.10,1699.51,1699.51,-85.57,41.98
2018.12.07 06:04,1743.10,1703.02,1703.02,-82.06,41.98
2018.12.07 12:47,1743.10,1703.22,1703.22,-81.86,41.98
2018.12.07 12:47,1743.10,1703.69,1703.69,-81.39,41.98
2018.12.07 15:25,1743.10,1704.94,1704.94,-80.14,41.98
2018.12.07 15:25,1743.10,1707.21,1707.21,-77.87,41.98
2018.12.07 17:11,1743.10,1706.37,1706.37,-78.71,41.98
2018.12.07 17:11,1743.10,1708.25,1708.25,-76.83,41.98
2018.12.07 17:18,1743.10,1716.55,1716.55,-68.53,41.98
2018.12.07 18:42,1743.10,1730.12,1730.12,-54.96,41.98
2018.12.07 18:42,1743.10,1731.25,1731.25,-53.83,41.98
2018.12.07 18:42,1743.10,1729.59,1729.59,-55.49,41.98
2018.12.07 19:03,1743.10,1725.90,1725.90,-55.49,38.29
2018.12.07 19:03,1743.10,1721.99,1721.99,-55.49,34.38
2018.12.07 20:04,1743.10,1718.28,1718.28,-59.20,34.38
2018.12.07 20:04,1743.10,1716.84,1716.84,-60.64,34.38
2018.12.07 20:04,1743.10,1715.06,1715.06,-60.64,32.60
2018.12.07 20:04,1743.10,1713.20,1713.20,-60.64,30.74
2018.12.07 20:39,1743.10,1705.50,1705.50,-68.34,30.74
2018.12.07 21:20,1743.10,1703.67,1703.67,-68.34,28.91
2018.12.07 21:20,1743.10,1701.87,1701.87,-68.34,27.11
2018.12.07 22:13,1743.10,1699.85,1699.85,-68.34,25.09
2018.12.07 22:13,1743.10,1697.91,1697.91,-68.34,23.15
2018.12.07 22:32,1743.10,1704.07,1704.07,-62.18,23.15
2018.12.07 22:32,1743.10,1704.59,1704.59,-61.66,23.15
2018.12.07 22:32,1743.10,1707.00,1707.00,-59.25,23.15
2018.12.07 22:32,1743.10,1711.56,1711.56,-54.69,23.15
2018.12.07 22:32,1743.10,1719.75,1719.75,-46.50,23.15
2018.12.07 22:34,1743.10,1716.93,1716.93,-49.32,23.15
2018.12.07 22:34,1743.10,1725.70,1725.70,-40.55,23.15
2018.12.07 22:34,1743.10,1725.85,1725.85,-40.40,23.15
2018.12.07 22:34,1743.10,1727.74,1727.74,-38.51,23.15
2018.12.07 22:34,1743.10,1730.28,1730.28,-35.97,23.15
2018.12.07 22:34,1743.10,1731.64,1731.64,-34.61,23.15
2018.12.07 22:34,1743.10,1733.38,1733.38,-32.87,23.15
2018.12.07 23:29,1743.10,1730.28,1730.28,-35.97,23.15
2018.12.10 16:11,1743.10,1719.48,1719.48,-46.77,23.15
2018.12.10 16:15,1743.10,1719.81,1719.81,-46.44,23.15
2018.12.10 16:16,1743.10,1721.03,1721.03,-45.22,23.15
2018.12.10 16:24,1743.10,1720.11,1720.11,-46.14,23.15
2018.12.10 16:24,1743.10,1721.62,1721.62,-44.63,23.15
2018.12.10 18:01,1743.10,1733.67,1733.67,-32.58,23.15
2018.12.10 18:24,1743.10,1729.07,1729.07,-37.18,23.15
2018.12.10 18:26,1743.10,1738.99,1738.99,-27.26,23.15
2018.12.10 19:08,1743.10,1740.21,1740.21,-27.26,24.37
2018.12.10 19:40,1743.10,1743.96,1743.96,-23.51,24.37
2018.12.10 19:40,1743.10,1747.48,1747.48,-19.99,24.37
2018.12.10 21:09,1743.10,1748.74,1748.74,-18.73,24.37
2018.12.11 02:07,1743.11,1748.75,1748.75,-18.73,24.37
2018.12.11 02:40,1743.12,1748.76,1748.76,-18.73,24.37
2018.12.11 02:52,1743.13,1748.77,1748.77,-18.73,24.37
2018.12.11 02:58,1743.14,1748.78,1748.78,-18.73,24.37
2018.12.11 14:33,1743.14,1748.88,1748.88,-18.63,24.37
2018.12.11 15:35,1743.14,1750.68,1750.68,-16.83,24.37
2018.12.11 18:43,1743.14,1750.72,1750.72,-16.79,24.37
2018.12.11 19:04,1743.14,1750.02,1750.02,-17.49,24.37
2018.12.11 19:04,1743.14,1750.73,1750.73,-16.78,24.37
2018.12.11 19:04,1743.14,1751.91,1751.91,-15.60,24.37
2018.12.11 19:04,1743.14,1753.09,1753.09,-14.42,24.37
2018.12.11 20:05,1743.14,1752.49,1752.49,-15.02,24.37
2018.12.11 20:05,1743.14,1753.29,1753.29,-14.22,24.37
2018.12.11 20:19,1743.14,1751.39,1751.39,-16.12,24.37
2018.12.11 20:26,1743.14,1749.99,1749.99,-17.52,24.37
2018.12.11 20:26,1743.14,1749.01,1749.01,-18.50,24.37
2018.12.11 21:03,1743.14,1749.51,1749.51,-18.00,24.37
2018.12.11 21:18,1743.14,1746.96,1746.96,-20.55,24.37
2018.12.11 21:18,1743.14,1748.61,1748.61,-18.90,24.37
2018.12.11 21:18,1743.14,1749.91,1749.91,-17.60,24.37
2018.12.11 21:26,1743.14,1751.91,1751.91,-17.60,26.37
2018.12.11 21:26,1743.14,1753.94,1753.94,-17.60,28.40
2018.12.11 22:40,1743.14,1754.14,1754.14,-17.40,28.40
2018.12.11 22:40,1743.14,1754.65,1754.65,-16.89,28.40
2018.12.11 22:40,1743.14,1755.08,1755.08,-16.46,28.40
2018.12.11 22:40,1743.14,1756.26,1756.26,-15.28,28.40
2018.12.11 22:40,1743.14,1758.12,1758.12,-13.42,28.40
2018.12.11 23:54,1743.14,1752.21,1752.21,-19.33,28.40
2018.12.11 23:54,1743.14,1748.28,1748.28,-23.26,28.40
2018.12.12 01:02,1743.14,1747.72,1747.72,-23.82,28.40
2018.12.12 01:02,1743.14,1751.06,1751.06,-20.48,28.40
2018.12.12 17:36,1743.14,1742.26,1742.26,-29.28,28.40
2018.12.12 17:37,1743.14,1740.72,1740.72,-30.82,28.40
2018.12.12 17:56,1743.14,1735.92,1735.92,-35.62,28.40
2018.12.12 17:56,1743.14,1730.82,1730.82,-40.72,28.40
2018.12.12 17:56,1743.14,1726.62,1726.62,-44.92,28.40
2018.12.12 17:57,1743.14,1722.74,1722.74,-48.80,28.40
2018.12.12 17:57,1743.14,1718.73,1718.73,-52.81,28.40
2018.12.12 19:10,1743.14,1713.83,1713.83,-57.71,28.40
2018.12.12 19:10,1743.14,1703.03,1703.03,-68.51,28.40
2018.12.12 21:01,1743.14,1691.03,1691.03,-80.51,28.40
2018.12.12 21:13,1743.14,1695.83,1695.83,-75.71,28.40
2018.12.12 21:16,1743.14,1696.23,1696.23,-75.31,28.40
2018.12.12 21:28,1743.14,1692.77,1692.77,-78.77,28.40
2018.12.12 21:28,1743.14,1688.51,1688.51,-83.03,28.40
2018.12.12 21:28,1743.14,1685.42,1685.42,-86.12,28.40
2018.12.12 21:33,1743.14,1698.22,1698.22,-73.32,28.40
2018.12.12 21:47,1743.14,1690.70,1690.70,-80.84,28.40
2018.12.12 21:47,1743.14,1685.14,1685.14,-86.40,28.40
2018.12.12 21:47,1743.14,1677.91,1677.91,-93.63,28.40
2018.12.12 21:47,1743.14,1677.11,1677.11,-94.43,28.40
2018.12.12 22:55,1743.14,1673.35,1673.35,-98.19,28.40
2018.12.12 22:55,1743.14,1665.99,1665.99,-105.55,28.40
2018.12.12 22:55,1743.14,1660.57,1660.57,-110.97,28.40
2018.12.12 22:55,1743.14,1649.15,1649.15,-122.39,28.40
2018.12.12 22:55,1743.14,1646.07,1646.07,-125.47,28.40
2018.12.12 22:56,1743.14,1641.21,1641.21,-130.33,28.40
2018.12.12 22:56,1743.14,1637.05,1637.05,-134.49,28.40
2018.12.12 22:56,1743.14,1631.37,1631.37,-140.17,28.40
2018.12.12 22:56,1743.14,1627.42,1627.42,-144.12,28.40
2018.12.13 01:18,1743.14,1623.96,1623.96,-147.58,28.40
2018.12.13 10:15,1743.14,1621.46,1621.46,-150.08,28.40
2018.12.13 11:09,1743.14,1614.90,1614.90,-156.64,28.40
2018.12.13 11:10,1743.14,1619.19,1619.19,-152.35,28.40
2018.12.13 11:10,1743.14,1620.98,1620.98,-150.56,28.40
2018.12.13 17:04,1743.14,1612.38,1612.38,-159.16,28.40
2018.12.13 17:04,1743.14,1606.68,1606.68,-164.86,28.40
2018.12.13 17:04,1743.14,1602.08,1602.08,-169.46,28.40
2018.12.13 17:04,1743.14,1594.78,1594.78,-176.76,28.40
2018.12.13 17:13,1743.14,1577.96,1577.96,-193.58,28.40
2018.12.13 17:13,1743.14,1570.60,1570.60,-200.94,28.40
2018.12.13 17:13,1743.14,1564.28,1564.28,-207.26,28.40
2018.12.13 17:20,1743.14,1551.48,1551.48,-220.06,28.40
2018.12.13 20:16,1743.14,1559.34,1559.34,-212.20,28.40
2018.12.13 20:33,1743.14,1560.23,1560.23,-211.31,28.40
2018.12.13 20:33,1743.14,1563.62,1563.62,-207.92,28.40
2018.12.13 20:33,1743.14,1562.32,1562.32,-209.22,28.40
2018.12.13 20:33,1743.14,1561.62,1561.62,-209.92,28.40
2018.12.13 20:34,1743.14,1572.48,1572.48,-199.06,28.40
2018.12.13 20:36,1743.14,1571.30,1571.30,-200.24,28.40
2018.12.13 20:55,1743.14,1563.06,1563.06,-208.48,28.40
2018.12.13 20:55,1743.14,1557.30,1557.30,-214.24,28.40
2018.12.13 20:55,1743.14,1554.73,1554.73,-216.81,28.40
2018.12.13 22:18,1743.14,1547.34,1547.34,-224.20,28.40
2018.12.13 22:18,1743.14,1540.79,1540.79,-230.75,28.40
2018.12.13 22:18,1743.14,1536.03,1536.03,-235.51,28.40
2018.12.13 22:18,1743.14,1528.20,1528.20,-243.34,28.40
2018.12.13 22:18,1743.14,1526.04,1526.04,-245.50,28.40
2018.12.13 22:18,1743.14,1523.47,1523.47,-248.07,28.40
2018.12.13 22:30,1743.14,1518.61,1518.61,-252.93,28.40
2018.12.13 22:30,1743.14,1516.67,1516.67,-254.87,28.40
2018.12.13 22:30,1743.14,1512.57,1512.57,-258.97,28.40
2018.12.13 22:30,1743.14,1511.40,1511.40,-260.14,28.40
2018.12.14 03:03,1743.14,1496.68,1496.68,-274.86,28.40
2018.12.14 03:03,1743.14,1481.50,1481.50,-290.04,28.40
2018.12.14 03:03,1743.14,1468.71,1468.71,-302.83,28.40
2018.12.14 03:03,1743.14,1446.75,1446.75,-324.79,28.40
2018.12.14 04:37,1743.45,1447.06,1447.06,-324.79,28.40
2018.12.14 05:04,1743.76,1447.37,1447.37,-324.79,28.40
2018.12.14 14:09,1743.76,1437.61,1437.61,-334.55,28.40
2018.12.14 22:11,1743.76,1435.39,1435.39,-336.77,28.40
2018.12.14 22:11,1743.76,1438.44,1438.44,-333.72,28.40
2018.12.17 03:08,1743.72,1438.40,1438.40,-333.72,28.40
2018.12.17 03:34,1743.43,1438.11,1438.11,-333.72,28.40
2018.12.17 04:07,1743.36,1438.04,1438.04,-333.72,28.40
2018.12.17 16:48,1743.36,1452.14,1452.14,-333.72,42.50
2018.12.17 17:12,1743.36,1457.28,1457.28,-333.72,47.64
2018.12.17 18:03,1743.36,1471.44,1471.44,-319.56,47.64
2018.12.17 18:03,1743.36,1476.83,1476.83,-314.17,47.64
2018.12.17 18:03,1743.36,1472.29,1472.29,-318.71,47.64
2018.12.17 18:09,1743.36,1497.58,1497.58,-293.42,47.64
2018.12.17 18:09,1743.36,1501.56,1501.56,-289.44,47.64
2018.12.17 18:09,1743.36,1511.33,1511.33,-279.67,47.64
2018.12.17 18:27,1743.36,1510.84,1510.84,-280.16,47.64
2018.12.17 18:27,1743.36,1512.35,1512.35,-278.65,47.64
2018.12.17 18:27,1743.36,1517.67,1517.67,-273.33,47.64
2018.12.17 19:00,1743.36,1510.42,1510.42,-280.58,47.64
2018.12.17 19:00,1743.36,1505.97,1505.97,-285.03,47.64
2018.12.17 19:00,1743.36,1496.42,1496.42,-294.58,47.64
2018.12.17 19:00,1743.36,1489.30,1489.30,-301.70,47.64
2018.12.17 19:00,1743.36,1487.95,1487.95,-303.05,47.64
2018.12.17 19:00,1743.36,1485.08,1485.08,-305.92,47.64
2018.12.17 19:00,1743.36,1474.96,1474.96,-316.04,47.64
2018.12.17 19:01,1743.36,1473.55,1473.55,-317.45,47.64
2018.12.17 19:01,1743.36,1475.30,1475.30,-315.70,47.64
2018.12.17 19:01,1743.36,1482.06,1482.06,-308.94,47.64
2018.12.17 19:01,1743.36,1528.34,1528.34,-262.66,47.64
2018.12.17 21:29,1743.36,1542.35,1542.35,-262.66,61.65
2018.12.17 22:06,1743.36,1544.38,1544.38,-262.66,63.68
2018.12.17 22:23,1743.36,1592.59,1592.59,-214.45,63.68
2018.12.17 22:51,1743.36,1597.94,1597.94,-214.45,69.03
2018.12.17 22:51,1743.36,1601.45,1601.45,-214.45,72.54
2018.12.17 23:04,1743.36,1739.21,1739.21,-76.69,72.54
2018.12.17 23:04,1743.36,1777.98,1777.98,-37.92,72.54
2018.12.17 23:04,1743.36,1806.25,1806.25,-9.65,72.54
2018.12.17 23:04,1743.36,1924.29,1924.29,108.39,72.54
2018.12.17 23:08,1743.36,1924.26,1924.26,108.39,72.51
2018.12.17 23:08,1743.36,1924.08,1924.08,108.39,72.33
2018.12.18 01:20,1743.36,1914.83,1914.83,108.39,63.08
2018.12.18 01:21,1743.36,1924.32,1924.32,108.39,72.57
2018.12.18 04:04,1743.13,1924.09,1924.09,108.39,72.57
2018.12.18 04:26,1743.05,1924.01,1924.01,108.39,72.57
2018.12.18 15:32,1743.05,1926.77,1926.77,111.15,72.57
2018.12.18 17:37,1743.05,1921.03,1921.03,105.41,72.57
2018.12.18 17:37,1743.05,1925.72,1925.72,110.10,72.57
2018.12.18 17:37,1743.05,1927.56,1927.56,111.94,72.57
2018.12.18 17:45,1743.05,1923.61,1923.61,107.99,72.57
2018.12.18 17:55,1743.05,1913.06,1913.06,97.44,72.57
2018.12.18 17:55,1743.05,1907.69,1907.69,92.07,72.57
2018.12.18 18:31,1743.05,1903.61,1903.61,87.99,72.57
2018.12.18 20:18,1743.05,1911.09,1911.09,95.47,72.57
2018.12.18 20:18,1743.05,1921.04,1921.04,105.42,72.57
2018.12.18 20:18,1743.05,1923.39,1923.39,107.77,72.57
2018.12.18 20:19,1743.05,1924.55,1924.55,108.93,72.57
2018.12.18 20:38,1743.05,1935.60,1935.60,119.98,72.57
2018.12.18 20:38,1743.05,1943.68,1943.68,128.06,72.57
2018.12.18 20:38,1743.05,1945.42,1945.42,129.80,72.57
2018.12.18 20:39,1743.05,1946.89,1946.89,131.27,72.57
2018.12.18 20:39,1743.05,1945.67,1945.67,130.05,72.57
2018.12.18 21:35,1743.05,1938.75,1938.75,123.13,72.57
2018.12.18 22:17,1743.05,1938.60,1938.60,122.98,72.57
2018.12.18 22:17,1743.05,1933.39,1933.39,122.98,67.36
2018.12.18 22:17,1743.05,1928.07,1928.07,122.98,62.04
2018.12.18 22:46,1743.05,1929.14,1929.14,124.05,62.04
2018.12.18 22:47,1743.05,1966.04,1966.04,160.95,62.04
2018.12.18 23:01,1743.05,1956.69,1956.69,151.60,62.04
2018.12.19 15:32,1743.05,1956.62,1956.62,151.53,62.04
2018.12.19 17:23,1743.05,1956.87,1956.87,151.78,62.04
2018.12.19 17:25,1743.05,1959.51,1959.51,154.42,62.04
2018.12.19 18:07,1743.05,1960.02,1960.02,154.93,62.04
2018.12.19 18:21,1743.05,1962.80,1962.80,157.71,62.04
2018.12.19 19:53,1743.05,1961.76,1961.76,156.67,62.04
2018.12.19 19:53,1743.05,1964.68,1964.68,159.59,62.04
2018.12.19 19:57,1743.05,1964.97,1964.97,159.88,62.04
2018.12.19 20:14,1743.05,1966.58,1966.58,161.49,62.04
2018.12.19 20:32,1743.05,1967.15,1967.15,162.06,62.04
2018.12.19 20:54,1743.05,1962.61,1962.61,157.52,62.04
2018.12.19 21:05,1743.05,1954.63,1954.63,149.54,62.04
2018.12.19 21:08,1743.05,1942.10,1942.10,137.01,62.04
2018.12.19 21:14,1743.05,1954.16,1954.16,149.07,62.04
2018.12.19 21:14,1743.05,1967.87,1967.87,162.78,62.04
2018.12.19 21:20,1743.05,1970.94,1970.94,165.85,62.04
2018.12.19 21:20,1743.05,1974.13,1974.13,169.04,62.04
2018.12.19 21:26,1743.05,1975.21,1975.21,170.12,62.04
2018.12.19 21:26,1743.05,1976.22,1976.22,171.13,62.04
2018.12.19 21:26,1743.05,1979.27,1979.27,174.18,62.04
2018.12.19 22:05,1743.05,1986.10,1986.10,174.18,68.87
2018.12.19 22:05,1743.05,1992.66,1992.66,174.18,75.43
2018.12.19 22:24,1743.05,1980.70,1980.70,162.22,75.43
2018.12.19 22:32,1743.05,1983.79,1983.79,165.31,75.43
2018.12.19 22:41,1743.05,1998.08,1998.08,179.60,75.43
2018.12.19 22:50,1743.05,1984.60,1984.60,166.12,75.43
2018.12.19 22:51,1743.05,1977.38,1977.38,158.90,75.43
2018.12.20 10:40,1743.05,1977.96,1977.96,159.48,75.43
2018.12.20 10:40,1743.05,1976.21,1976.21,157.73,75.43
2018.12.20 10:40,1743.05,1976.90,1976.90,158.42,75.43
2018.12.20 10:40,1743.05,1978.06,1978.06,159.58,75.43
2018.12.20 10:59,1743.05,1968.66,1968.66,150.18,75.43
2018.12.20 10:59,1743.05,1963.69,1963.69,145.21,75.43
2018.12.20 10:59,1743.05,1958.49,1958.49,140.01,75.43
2018.12.20 10:59,1743.05,1948.97,1948.97,130.49,75.43
2018.12.20 14:26,1743.05,1951.73,1951.73,133.25,75.43
2018.12.20 14:26,1743.05,1953.63,1953.63,135.15,75.43
2018.12.20 14:26,1743.05,1955.29,1955.29,136.81,75.43
2018.12.20 14:26,1743.05,1956.94,1956.94,138.46,75.43
2018.12.20 14:26,1743.05,1957.62,1957.62,139.14,75.43
2018.12.20 14:26,1743.05,1956.41,1956.41,137.93,75.43
2018.12.20 14:26,1743.05,1956.07,1956.07,137.59,75.43
2018.12.20 14:26,1743.05,1953.90,1953.90,135.42,75.43
2018.12.20 14:37,1743.05,1954.23,1954.23,135.75,75.43
2018.12.20 14:37,1743.05,1949.85,1949.85,131.37,75.43
2018.12.20 14:58,1743.05,1947.78,1947.78,129.30,75.43
2018.12.20 14:58,1743.05,1944.94,1944.94,126.46,75.43
2018.12.20 14:58,1743.05,1930.72,1930.72,112.24,75.43
2018.12.20 15:44,1743.05,1951.87,1951.87,133.39,75.43
2018.12.20 15:49,1743.05,1989.97,1989.97,171.49,75.43
2018.12.20 15:58,1743.05,2018.70,2018.70,200.22,75.43
2018.12.20 17:20,1743.05,2012.80,2012.80,194.32,75.43
2018.12.20 17:20,1743.05,2005.40,2005.40,186.92,75.43
2018.12.20 17:20,1743.05,2004.67,2004.67,186.19,75.43
2018.12.20 17:45,1743.05,2005.96,2005.96,187.48,75.43
2018.12.20 17:45,1743.05,2020.08,2020.08,201.60,75.43
2018.12.20 17:57,1743.05,2007.08,2007.08,188.60,75.43
2018.12.20 18:08,1743.05,1991.34,1991.34,172.86,75.43
2018.12.20 18:08,1743.05,1985.44,1985.44,166.96,75.43
2018.12.20 18:08,1743.05,1976.57,1976.57,158.09,75.43
2018.12.20 18:29,1743.05,1978.18,1978.18,159.70,75.43
2018.12.20 18:31,1743.05,2025.08,2025.08,206.60,75.43
2018.12.20 19:03,1743.05,2021.04,2021.04,206.60,71.39
2018.12.20 19:03,1743.05,2016.30,2016.30,206.60,66.65
2018.12.20 19:26,1743.05,2005.79,2005.79,196.09,66.65
2018.12.20 21:03,1743.05,2013.31,2013.31,196.09,74.17
2018.12.20 21:03,1743.05,2021.11,2021.11,196.09,81.97
2018.12.21 10:15,1743.05,2021.14,2021.14,196.12,81.97
2018.12.21 10:16,1743.05,2023.75,2023.75,198.73,81.97
2018.12.21 11:07,2442.12,2722.82,2722.82,198.73,81.97
2018.12.21 11:11,2442.12,2718.73,2718.73,194.64,81.97
2018.12.21 11:11,2442.12,2722.35,2722.35,198.26,81.97
2018.12.21 11:42,2442.12,2722.70,2722.70,198.61,81.97
2018.12.21 12:36,2442.12,2723.63,2723.63,199.54,81.97
2018.12.21 12:36,2442.12,2722.52,2722.52,198.43,81.97
2018.12.21 12:36,2442.12,2719.59,2719.59,195.50,81.97
2018.12.21 12:36,2442.12,2720.10,2720.10,196.01,81.97
2018.12.21 12:36,2442.12,2719.25,2719.25,195.16,81.97
2018.12.21 12:36,2442.12,2723.24,2723.24,199.15,81.97
2018.12.21 12:36,2442.12,2724.72,2724.72,200.63,81.97
2018.12.21 12:36,2442.12,2730.24,2730.24,206.15,81.97
2018.12.21 13:44,2442.12,2726.73,2726.73,202.64,81.97
2018.12.21 13:44,2442.12,2724.47,2724.47,200.38,81.97
2018.12.21 13:44,2442.12,2717.43,2717.43,193.34,81.97
2018.12.21 13:44,2442.12,2713.90,2713.90,189.81,81.97
2018.12.21 13:44,2442.12,2709.69,2709.69,185.60,81.97
2018.12.21 13:44,2442.12,2703.83,2703.83,179.74,81.97
2018.12.21 14:11,2442.12,2690.10,2690.10,166.01,81.97
2018.12.21 14:11,2442.12,2684.27,2684.27,160.18,81.97
2018.12.21 14:12,2442.12,2681.55,2681.55,157.46,81.97
2018.12.21 14:12,2442.12,2672.73,2672.73,148.64,81.97
2018.12.21 14:14,2442.12,2652.42,2652.42,128.33,81.97
2018.12.21 14:14,2442.12,2640.89,2640.89,116.80,81.97
2018.12.21 14:26,2442.12,2642.64,2642.64,118.55,81.97
2018.12.21 14:32,2442.12,2657.46,2657.46,133.37,81.97
2018.12.21 14:32,2442.12,2654.56,2654.56,130.47,81.97
2018.12.21 14:32,2442.12,2653.15,2653.15,129.06,81.97
2018.12.21 14:48,2442.12,2625.06,2625.06,100.97,81.97
2018.12.21 14:48,2442.12,2621.76,2621.76,97.67,81.97
2018.12.21 14:48,2442.12,2617.96,2617.96,93.87,81.97
2018.12.21 14:48,2442.12,2613.68,2613.68,89.59,81.97
2018.12.21 15:02,2442.12,2622.52,2622.52,98.43,81.97
2018.12.21 15:02,2442.12,2625.84,2625.84,101.75,81.97
2018.12.21 15:03,2442.12,2610.29,2610.29,86.20,81.97
2018.12.21 15:20,2442.12,2571.66,2571.66,47.57,81.97
2018.12.21 15:20,2442.12,2555.10,2555.10,31.01,81.97
2018.12.21 16:05,2442.12,2560.30,2560.30,36.21,81.97
2018.12.21 16:08,2442.12,2586.82,2586.82,62.73,81.97
2018.12.21 16:08,2442.12,2607.58,2607.58,83.49,81.97
2018.12.21 16:15,2442.12,2604.69,2604.69,80.60,81.97
2018.12.21 16:27,2442.12,2607.80,2607.80,83.71,81.97
2018.12.21 16:27,2442.12,2600.20,2600.20,76.11,81.97
2018.12.21 16:27,2442.12,2633.40,2633.40,109.31,81.97
2018.12.21 16:28,2442.12,2623.62,2623.62,99.53,81.97
2018.12.21 16:37,2442.12,2623.54,2623.54,99.45,81.97
2018.12.21 16:38,2442.12,2620.08,2620.08,95.99,81.97
2018.12.21 16:38,2442.12,2628.12,2628.12,104.03,81.97
2018.12.21 16:40,2442.12,2623.50,2623.50,99.41,81.97
2018.12.21 16:40,2442.12,2610.75,2610.75,86.66,81.97
2018.12.21 17:10,2442.12,2615.08,2615.08,90.99,81.97
2018.12.21 17:10,2442.12,2618.93,2618.93,94.84,81.97
2018.12.21 17:10,2442.12,2631.39,2631.39,107.30,81.97
2018.12.21 17:10,2442.12,2646.09,2646.09,122.00,81.97
2018.12.21 17:10,2442.12,2641.79,2641.79,117.70,81.97
2018.12.21 17:10,2442.12,2628.87,2628.87,104.78,81.97
2018.12.21 17:10,2442.12,2619.07,2619.07,94.98,81.97
2018.12.21 17:34,2442.12,2633.05,2633.05,108.96,81.97
2018.12.21 17:34,2442.12,2642.90,2642.90,118.81,81.97
2018.12.21 17:34,2442.12,2647.03,2647.03,122.94,81.97
2018.12.21 17:34,2442.12,2652.93,2652.93,128.84,81.97
2018.12.21 17:34,2442.12,2647.04,2647.04,122.95,81.97
2018.12.21 17:34,2442.12,2636.76,2636.76,112.67,81.97
2018.12.21 17:34,2442.12,2657.60,2657.60,133.51,81.97
2018.12.21 17:52,2442.12,2649.12,2649.12,125.03,81.97
2018.12.21 17:52,2442.12,2634.36,2634.36,110.27,81.97
2018.12.21 17:52,2442.12,2624.82,2624.82,100.73,81.97
2018.12.21 17:52,2442.12,2606.40,2606.40,82.31,81.97
2018.12.21 17:52,2442.12,2594.06,2594.06,69.97,81.97
2018.12.21 17:52,2442.12,2574.94,2574.94,50.85,81.97
2018.12.21 17:52,2442.12,2559.78,2559.78,35.69,81.97
2018.12.21 17:52,2442.12,2538.70,2538.70,14.61,81.97
2018.12.21 17:52,2442.12,2520.08,2520.08,-4.01,81.97
2018.12.21 18:19,2442.12,2562.04,2562.04,37.95,81.97
2018.12.21 18:19,2442.12,2608.96,2608.96,84.87,81.97
2018.12.21 18:19,2442.12,2667.12,2667.12,143.03,81.97
2018.12.21 18:26,2442.12,2654.76,2654.76,130.67,81.97
2018.12.21 18:28,2442.12,2654.48,2654.48,130.39,81.97
2018.12.21 18:29,2442.12,2657.84,2657.84,133.75,81.97
2018.12.21 18:29,2442.12,2634.44,2634.44,110.35,81.97
2018.12.21 18:29,2442.12,2628.99,2628.99,104.90,81.97
2018.12.21 18:40,2442.12,2604.44,2604.44,80.35,81.97
2018.12.21 18:40,2442.12,2581.88,2581.88,57.79,81.97
2018.12.21 18:55,2442.12,2573.92,2573.92,49.83,81.97
2018.12.21 18:55,2442.12,2571.60,2571.60,47.51,81.97
2018.12.21 18:55,2442.12,2573.92,2573.92,49.83,81.97
2018.12.21 18:56,2442.12,2548.88,2548.88,24.79,81.97
2018.12.21 19:41,2442.12,2656.88,2656.88,132.79,81.97
2018.12.21 19:41,2442.12,2744.00,2744.00,219.91,81.97
2018.12.21 20:02,2442.12,2737.72,2737.72,219.91,75.69
2018.12.21 20:02,2442.12,2731.40,2731.40,219.91,69.37
2018.12.21 20:04,2442.12,2731.75,2731.75,220.26,69.37
2018.12.21 20:04,2442.12,2755.87,2755.87,244.38,69.37
2018.12.21 20:10,2442.12,2732.35,2732.35,220.86,69.37
2018.12.21 20:10,2442.12,2713.13,2713.13,201.64,69.37
2018.12.21 20:17,2442.12,2708.31,2708.31,196.82,69.37
2018.12.21 20:17,2442.12,2702.04,2702.04,190.55,69.37
2018.12.21 20:22,2442.12,2677.97,2677.97,166.48,69.37
2018.12.21 20:22,2442.12,2653.67,2653.67,142.18,69.37
2018.12.21 20:23,2442.12,2635.51,2635.51,124.02,69.37
2018.12.21 20:30,2442.12,2628.31,2628.31,116.82,69.37
2018.12.21 20:30,2442.12,2620.59,2620.59,109.10,69.37
2018.12.21 20:30,2442.12,2604.27,2604.27,92.78,69.37
2018.12.21 21:19,2442.12,2609.61,2609.61,98.12,69.37
2018.12.21 21:20,2442.12,2611.41,2611.41,99.92,69.37
2018.12.21 21:20,2442.12,2607.88,2607.88,96.39,69.37
2018.12.21 21:22,2442.12,2611.24,2611.24,99.75,69.37
2018.12.21 21:22,2442.12,2605.98,2605.98,94.49,69.37
2018.12.21 21:22,2442.12,2602.22,2602.22,90.73,69.37
2018.12.21 21:22,2442.12,2609.84,2609.84,98.35,69.37
2018.12.21 22:17,2442.12,2668.95,2668.95,157.46,69.37
2018.12.21 22:20,2442.12,2719.84,2719.84,208.35,69.37
2018.12.21 22:20,2442.12,2754.30,2754.30,242.81,69.37
2018.12.21 22:20,2442.12,2788.26,2788.26,276.77,69.37
2018.12.21 22:20,2442.12,2818.76,2818.76,307.27,69.37
2018.12.21 22:20,2442.12,2853.72,2853.72,342.23,69.37
2018.12.21 22:35,2442.12,2867.92,2867.92,342.23,83.57
2018.12.21 22:35,2442.12,2882.57,2882.57,342.23,98.22
2018.12.24 12:31,2442.12,2904.07,2904.07,363.73,98.22
2018.12.24 13:21,2442.12,2898.57,2898.57,358.23,98.22
2018.12.24 13:42,2442.12,2889.47,2889.47,349.13,98.22
2018.12.24 13:52,2442.12,2882.87,2882.87,342.53,98.22
2018.12.24 14:41,2442.12,2888.07,2888.07,347.73,98.22
2018.12.24 15:03,2442.12,2882.33,2882.33,347.73,92.48
2018.12.24 15:03,2442.12,2875.94,2875.94,347.73,86.09
2018.12.24 16:02,2442.12,2873.07,2873.07,347.73,83.22
2018.12.24 16:02,2442.12,2870.18,2870.18,347.73,80.33
2018.12.26 10:12,2442.12,2872.12,2872.12,347.73,82.27
2018.12.26 10:12,2442.12,2873.69,2873.69,347.73,83.84
2018.12.26 10:50,2442.12,2937.79,2937.79,411.83,83.84
2018.12.26 10:50,2442.12,3027.17,3027.17,501.21,83.84
2018.12.26 13:03,2442.12,3020.75,3020.75,494.79,83.84
2018.12.26 13:03,2442.12,3011.71,3011.71,485.75,83.84
2018.12.26 13:23,2442.12,3012.32,3012.32,486.36,83.84
2018.12.26 13:23,2442.12,3012.14,3012.14,486.18,83.84
2018.12.26 14:37,2442.12,2997.51,2997.51,471.55,83.84
2018.12.26 15:01,2442.12,2995.31,2995.31,469.35,83.84
2018.12.26 15:01,2442.12,2988.75,2988.75,462.79,83.84
2018.12.26 18:20,2442.12,2996.29,2996.29,470.33,83.84
2018.12.26 18:20,2442.12,2998.39,2998.39,472.43,83.84
2018.12.26 18:20,2442.12,2985.92,2985.92,459.96,83.84
2018.12.26 18:20,2442.12,2958.49,2958.49,432.53,83.84
2018.12.26 18:20,2442.12,2983.49,2983.49,457.53,83.84
2018.12.26 19:00,2442.12,2983.79,2983.79,457.83,83.84
2018.12.26 19:03,2442.12,2973.04,2973.04,447.08,83.84
2018.12.26 19:06,2442.12,2965.31,2965.31,439.35,83.84
2018.12.26 19:06,2442.12,2957.09,2957.09,431.13,83.84
2018.12.26 19:14,2442.12,2963.96,2963.96,438.00,83.84
2018.12.26 19:15,2442.12,2979.13,2979.13,453.17,83.84
2018.12.26 19:31,2442.12,2958.82,2958.82,432.86,83.84
2018.12.26 19:43,2442.12,2959.36,2959.36,433.40,83.84
2018.12.26 19:47,2442.12,2931.48,2931.48,405.52,83.84
2018.12.26 20:29,2442.12,2933.12,2933.12,407.16,83.84
2018.12.26 20:39,2442.12,2935.70,2935.70,409.74,83.84
2018.12.26 20:39,2442.12,2939.49,2939.49,413.53,83.84
2018.12.26 20:40,2442.12,2942.46,2942.46,416.50,83.84
2018.12.26 20:53,2442.12,2931.56,2931.56,405.60,83.84
2018.12.26 20:53,2442.12,2915.18,2915.18,389.22,83.84
2018.12.26 20:56,2442.12,2906.26,2906.26,380.30,83.84
2018.12.26 21:34,2442.12,2887.71,2887.71,361.75,83.84
2018.12.26 21:34,2442.12,2871.23,2871.23,345.27,83.84
2018.12.26 21:39,2442.12,2846.47,2846.47,320.51,83.84
2018.12.26 22:06,2442.12,2827.37,2827.37,301.41,83.84
2018.12.26 22:06,2442.12,2813.87,2813.87,287.91,83.84
2018.12.26 22:19,2442.12,2849.84,2849.84,323.88,83.84
2018.12.26 22:19,2442.12,2857.71,2857.71,331.75,83.84
2018.12.26 22:19,2442.12,2865.54,2865.54,339.58,83.84
2018.12.27 02:23,2442.12,2879.76,2879.76,353.80,83.84
2018.12.27 06:05,2442.18,2879.82,2879.82,353.80,83.84
2018.12.27 07:35,2442.18,2880.54,2880.54,354.52,83.84
2018.12.27 07:37,2442.18,2883.33,2883.33,357.31,83.84
2018.12.27 09:58,2442.18,2880.71,2880.71,354.69,83.84
2018.12.27 09:58,2442.18,2883.09,2883.09,357.07,83.84
2018.12.27 09:58,2442.18,2843.99,2843.99,317.97,83.84
2018.12.27 13:38,2442.18,2903.99,2903.99,377.97,83.84
2018.12.27 13:38,2442.18,2917.29,2917.29,391.27,83.84
2018.12.27 13:41,2442.18,2940.39,2940.39,414.37,83.84
2018.12.27 16:20,2442.18,2929.61,2929.61,403.59,83.84
2018.12.27 16:20,2442.18,2905.51,2905.51,379.49,83.84
2018.12.27 16:41,2442.18,2912.94,2912.94,386.92,83.84
2018.12.27 16:48,2442.18,2887.50,2887.50,361.48,83.84
2018.12.27 16:52,2442.18,2885.07,2885.07,359.05,83.84
2018.12.27 16:52,2442.18,2882.32,2882.32,356.30,83.84
2018.12.27 17:02,2442.18,2875.43,2875.43,349.41,83.84
2018.12.27 17:02,2442.18,2861.60,2861.60,335.58,83.84
2018.12.27 17:02,2442.18,2868.70,2868.70,342.68,83.84
2018.12.27 17:02,2442.18,2883.80,2883.80,357.78,83.84
2018.12.27 17:08,2442.18,2868.04,2868.04,342.02,83.84
2018.12.27 17:08,2442.18,2857.28,2857.28,331.26,83.84
2018.12.27 17:34,2442.18,2862.79,2862.79,336.77,83.84
2018.12.27 17:34,2442.18,2860.13,2860.13,334.11,83.84
2018.12.27 17:34,2442.18,2858.23,2858.23,332.21,83.84
2018.12.27 17:34,2442.18,2878.70,2878.70,352.68,83.84
2018.12.27 17:51,2442.18,2882.78,2882.78,356.76,83.84
2018.12.27 17:51,2442.18,2883.42,2883.42,357.40,83.84
2018.12.27 17:51,2442.18,2884.89,2884.89,358.87,83.84
2018.12.27 17:51,2442.18,2887.41,2887.41,361.39,83.84
2018.12.27 18:12,2442.18,2886.07,2886.07,360.05,83.84
2018.12.27 18:12,2442.18,2887.87,2887.87,361.85,83.84
2018.12.27 18:13,2442.18,2896.13,2896.13,370.11,83.84
2018.12.27 18:13,2442.18,2895.69,2895.69,369.67,83.84
2018.12.27 18:19,2442.18,2903.09,2903.09,377.07,83.84
2018.12.27 18:24,2442.18,2914.79,2914.79,388.77,83.84
2018.12.27 18:25,2442.18,2932.59,2932.59,406.57,83.84
2018.12.27 18:38,2442.18,2937.38,2937.38,411.36,83.84
2018.12.27 18:38,2442.18,2934.68,2934.68,408.66,83.84
2018.12.27 18:38,2442.18,2932.60,2932.60,406.58,83.84
2018.12.27 18:38,2442.18,2948.48,2948.48,422.46,83.84
2018.12.27 18:50,2442.18,2949.39,2949.39,423.37,83.84
2018.12.27 18:50,2442.18,2957.73,2957.73,431.71,83.84
2018.12.27 18:50,2442.18,2966.26,2966.26,440.24,83.84
2018.12.27 19:08,2442.18,2947.97,2947.97,421.95,83.84
2018.12.27 19:08,2442.18,2942.64,2942.64,416.62,83.84
2018.12.27 19:08,2442.18,2928.65,2928.65,402.63,83.84
2018.12.27 19:38,2442.18,2929.87,2929.87,403.85,83.84
2018.12.27 19:38,2442.18,2930.13,2930.13,404.11,83.84
2018.12.27 19:39,2442.18,2932.31,2932.31,406.29,83.84
2018.12.27 19:39,2442.18,2934.91,2934.91,408.89,83.84
2018.12.27 21:29,2442.18,2968.68,2968.68,442.66,83.84
2018.12.27 21:29,2442.18,2999.54,2999.54,473.52,83.84
2018.12.27 21:29,2442.18,3005.66,3005.66,479.64,83.84
2018.12.27 21:37,2442.18,2992.52,2992.52,466.50,83.84
2018.12.27 21:37,2442.18,2985.25,2985.25,459.23,83.84
2018.12.27 21:39,2442.18,2968.21,2968.21,442.19,83.84
2018.12.27 21:39,2442.18,2957.42,2957.42,431.40,83.84
2018.12.27 21:43,2442.18,2978.32,2978.32,452.30,83.84
2018.12.27 21:44,2442.18,3004.62,3004.62,478.60,83.84
2018.12.27 21:47,2442.18,3001.43,3001.43,475.41,83.84
2018.12.27 21:47,2442.18,3014.61,3014.61,488.59,83.84
2018.12.27 21:47,2442.18,3018.62,3018.62,492.60,83.84
2018.12.27 21:47,2442.18,3015.74,3015.74,489.72,83.84
2018.12.27 21:47,2442.18,3033.19,3033.19,507.17,83.84
2018.12.27 22:11,2442.18,3021.89,3021.89,495.87,83.84
2018.12.27 22:43,2442.18,3047.65,3047.65,521.63,83.84
2018.12.27 22:43,2442.18,3108.96,3108.96,582.94,83.84
2018.12.27 22:43,2442.18,3130.89,3130.89,604.87,83.84
2018.12.27 22:44,2442.18,3178.71,3178.71,652.69,83.84
2018.12.27 22:44,2442.18,3209.76,3209.76,683.74,83.84
2018.12.27 23:30,2442.18,3209.10,3209.10,683.08,83.84
2018.12.27 23:30,2442.18,3211.08,3211.08,685.06,83.84
2018.12.28 11:04,2442.18,3232.67,3232.67,706.65,83.84
2018.12.28 13:04,2442.18,3235.39,3235.39,709.37,83.84
2018.12.28 13:29,2442.18,3249.59,3249.59,723.57,83.84
2018.12.28 14:18,2442.18,3262.37,3262.37,736.35,83.84
2018.12.28 14:18,2442.18,3261.41,3261.41,735.39,83.84
2018.12.28 14:18,2442.18,3260.04,3260.04,734.02,83.84
2018.12.28 14:18,2442.18,3255.56,3255.56,729.54,83.84
2018.12.28 14:36,2442.18,3255.95,3255.95,729.93,83.84
2018.12.28 14:36,2442.18,3255.66,3255.66,729.64,83.84
2018.12.28 14:36,2442.18,3268.03,3268.03,742.01,83.84
2018.12.28 14:59,2442.18,3247.83,3247.83,721.81,83.84
2018.12.28 15:19,2442.18,3239.13,3239.13,713.11,83.84
2018.12.28 17:21,2442.18,3226.23,3226.23,700.21,83.84
2018.12.28 17:28,2442.18,3203.71,3203.71,677.69,83.84
2018.12.28 17:28,2442.18,3186.19,3186.19,660.17,83.84
2018.12.28 17:48,2442.18,3181.87,3181.87,655.85,83.84
2018.12.28 17:48,2442.18,3179.79,3179.79,653.77,83.84
2018.12.28 17:48,2442.18,3178.61,3178.61,652.59,83.84
2018.12.28 17:48,2442.18,3171.89,3171.89,645.87,83.84
2018.12.28 17:48,2442.18,3168.22,3168.22,642.20,83.84
2018.12.28 17:52,2442.18,3159.52,3159.52,633.50,83.84
2018.12.28 17:52,2442.18,3144.62,3144.62,618.60,83.84
2018.12.28 19:16,2442.18,3144.11,3144.11,618.09,83.84
2018.12.28 19:17,2442.18,3154.30,3154.30,628.28,83.84
2018.12.28 19:17,2442.18,3156.27,3156.27,630.25,83.84
2018.12.28 19:17,2442.18,3156.65,3156.65,630.63,83.84
2018.12.28 19:18,2442.18,3156.54,3156.54,630.52,83.84
2018.12.28 19:18,2442.18,3158.30,3158.30,632.28,83.84
2018.12.28 19:18,2442.18,3160.92,3160.92,634.90,83.84
2018.12.28 19:18,2442.18,3170.44,3170.44,644.42,83.84
2018.12.28 19:19,2442.18,3164.70,3164.70,638.68,83.84
2018.12.28 19:51,2442.18,3167.61,3167.61,641.59,83.84
2018.12.28 19:51,2442.18,3166.14,3166.14,640.12,83.84
2018.12.28 19:51,2442.18,3184.95,3184.95,658.93,83.84
2018.12.28 19:52,2442.18,3177.30,3177.30,651.28,83.84
2018.12.28 19:52,2442.18,3167.15,3167.15,641.13,83.84
2018.12.28 19:59,2442.18,3136.00,3136.00,609.98,83.84
2018.12.28 20:06,2442.18,3119.54,3119.54,593.52,83.84
2018.12.28 20:07,2442.18,3102.33,3102.33,576.31,83.84
2018.12.28 20:09,2442.18,3093.45,3093.45,567.43,83.84
2018.12.28 20:09,2442.18,3081.33,3081.33,555.31,83.84
2018.12.28 20:23,2442.18,3066.23,3066.23,540.21,83.84
2018.12.28 20:23,2442.18,3060.28,3060.28,534.26,83.84
2018.12.28 20:23,2442.18,3056.19,3056.19,530.17,83.84
2018.12.28 20:23,2442.18,3053.40,3053.40,527.38,83.84
2018.12.28 20:23,2442.18,3037.78,3037.78,511.76,83.84
2018.12.28 20:46,2442.18,3032.12,3032.12,506.10,83.84
2018.12.28 20:46,2442.18,3028.05,3028.05,502.03,83.84
2018.12.28 20:46,2442.18,3029.67,3029.67,503.65,83.84
2018.12.28 20:46,2442.18,3027.29,3027.29,501.27,83.84
2018.12.28 20:46,2442.18,3023.65,3023.65,497.63,83.84
2018.12.28 22:08,2442.18,3032.31,3032.31,506.29,83.84
2018.12.28 22:08,2442.18,3075.96,3075.96,549.94,83.84
2018.12.28 22:08,2442.18,3081.08,3081.08,555.06,83.84
2018.12.28 22:10,2442.18,3082.31,3082.31,556.29,83.84
2018.12.28 22:10,2442.18,3114.88,3114.88,588.86,83.84
2018.12.28 22:10,2442.18,3118.46,3118.46,592.44,83.84
2018.12.28 22:10,2442.18,3118.96,3118.96,592.94,83.84
2018.12.28 22:10,2442.18,3118.53,3118.53,592.51,83.84
2018.12.28 22:11,2442.18,3088.61,3088.61,562.59,83.84
2018.12.28 22:20,2442.18,3073.70,3073.70,547.68,83.84
2018.12.28 22:20,2442.18,3041.37,3041.37,515.35,83.84
2018.12.28 22:21,2442.18,3034.75,3034.75,508.73,83.84
2018.12.28 22:21,2442.18,2999.01,2999.01,472.99,83.84
2018.12.28 22:25,2442.18,2989.47,2989.47,463.45,83.84
2018.12.28 22:25,2442.18,2978.43,2978.43,452.41,83.84
2018.12.28 22:25,2442.18,2956.51,2956.51,430.49,83.84
2018.12.28 22:26,2442.18,2925.86,2925.86,399.84,83.84
2018.12.28 22:33,2442.18,2934.14,2934.14,408.12,83.84
2018.12.28 22:33,2442.18,2942.22,2942.22,416.20,83.84
